feature,importance
num__surface_pressure_max__day1,0.03738417047926959
num__wind_gusts_10m_max__peak_14d,0.035694381257667294
num__surface_pressure_max__mean_13d,0.03521787753087467
num__precipitation_sum__mean_13d,0.03449724587080618
num__wind_direction_10m_dominant__mean_13d,0.03427085825845899
num__wind_gusts_10m_max__mean_13d,0.03321133069684891
num__precipitation_sum__peak_14d,0.03289108443082627
num__precipitation_sum__mean_7d,0.032302646872673056
num__moon_phase_cos,0.03224191948454079
num__wind_direction_10m_dominant__peak_14d,0.03202227361062317
num__wind_direction_10m_dominant__day1,0.031897904224283805
num__moon_phase_sin,0.03120277818307702
num__wind_direction_10m_dominant__mean_7d,0.03118259846012415
num__wind_direction_10m_dominant__peak_7d,0.03081207938840767
num__wind_gusts_10m_max__mean_7d,0.030752161862841007
num__wind_gusts_10m_max__day1,0.03065847552629032
num__precipitation_hours__mean_7d,0.030393053922527592
num__daylight_duration__day1,0.030262540387651547
num__precipitation_hours__peak_7d,0.028044547620884652
num__precipitation_hours__peak_14d,0.027736287010590773
num__precipitation_hours__mean_13d,0.027732331473049137
num__apparent_temperature_max__day1,0.026757827889870654
num__precipitation_sum__mean_2d,0.02601010385187262
num__precipitation_hours__mean_2d,0.022509301910644423
num__precipitation_sum__day1,0.020560974945966558
num__precipitation_hours__day1,0.01863285407360713
num__snowfall_sum__mean_13d,0.016485274503437525
cat__eda3_weekday_sun,0.01290760243824168
cat__eda3_month_oct,0.01222951711487639
cat__eda3_season_autumn,0.01169631629000428
num__snowfall_sum__mean_7d,0.010836499829019734
cat__eda3_season_spring,0.009224578272440944
num__snowfall_sum__day1,0.008897520225948188
num__snowfall_sum__mean_2d,0.008889389532348694
num__snowfall_sum__mean_3d,0.007884004971810675
cat__eda3_weekday_mon,0.00694700373815417
cat__moon_phase_category_waxing,0.006310308164416545
cat__moon_phase_category_waning,0.006272394090299342
cat__eda3_month_aug,0.006118932876635772
cat__eda3_weekday_wed,0.005119125458256678
cat__eda3_weekday_sat,0.005027297103314519
cat__eda3_season_summer,0.0048664887707880414
cat__eda3_month_sep,0.004859248134188036
cat__eda3_season_winter,0.004597199425769042
cat__eda3_weekday_fri,0.004231228391411071
cat__eda3_month_nov,0.004120149769982009
cat__moon_phase_category_new,0.004096078142339865
cat__eda3_month_may,0.003726557919013748
cat__eda3_weekday_tue,0.003708211733621835
cat__eda3_month_jul,0.003500225167732377
cat__eda3_month_jun,0.0032939431114331432
num__is_new_moon,0.0032645053834168838
cat__eda3_month_dec,0.0028597873339108425
cat__moon_phase_category_full,0.002790103564857405
cat__eda3_weekday_thu,0.002695744444336756
cat__sunrise__day1_2016-01-09T08:13,0.0026846180519668104
cat__eda3_month_apr,0.0025895576275915466
cat__eda3_month_jan,0.0025128744562692086
cat__sunset__day1_2016-01-09T16:21,0.0022796129920980082
num__is_full_moon,0.0022731351603684628
cat__sunset__day1_2019-08-04T19:54,0.0021017839346957525
cat__eda3_month_mar,0.0019250446561259794
cat__sunset__day1_2017-09-10T18:36,0.0014721903230901525
cat__eda3_month_feb,0.0013341683358319596
cat__sunrise__day1_2021-09-02T05:25,0.0012428347355590737
cat__sunrise__day1_2017-09-10T05:38,0.0011596988011297906
cat__sunset__day1_2021-09-02T18:54,0.0007780886457667859
cat__sunrise__day1_2021-12-26T08:15,0.0007183782429482136
cat__sunset__day1_2019-08-19T19:25,0.0006088913459684278
cat__sunset__day1_2021-04-04T18:48,0.0004873622081314005
cat__sunset__day1_2021-12-26T16:07,0.00040161446302413635
cat__sunrise__day1_2017-11-01T07:04,0.0003868157354984253
cat__sunrise__day1_2017-08-13T04:53,0.00037669196901576695
cat__sunrise__day1_2019-08-19T05:02,0.0003520422630085272
cat__sunset__day1_2021-01-20T16:40,0.00035072271814231236
cat__sunrise__day1_2021-04-04T05:38,0.0003272553074546819
cat__sunrise__day1_2019-08-04T04:39,0.0003167913534485347
cat__sunset__day1_2017-11-01T16:44,0.0003063499475938524
cat__sunrise__day1_2016-12-25T08:14,0.00026481549206820894
cat__sunset__day1_2017-08-13T19:36,0.00025136539032840526
cat__sunset__day1_2022-11-22T16:13,0.000162450716591298
cat__sunset__day1_2018-02-25T17:43,0.0
cat__sunset__day1_2018-08-18T19:33,0.0
cat__sunset__day1_2018-09-06T18:46,0.0
cat__sunset__day1_2018-02-28T17:49,0.0
cat__sunset__day1_2018-08-08T19:49,0.0
cat__sunset__day1_2019-10-03T17:45,0.0
cat__sunset__day1_2018-09-24T18:05,0.0
cat__sunset__day1_2018-07-29T20:03,0.0
cat__sunset__day1_2018-07-22T20:13,0.0
cat__sunset__day1_2018-06-11T20:26,0.0
cat__sunset__day1_2018-03-08T18:02,0.0
cat__sunset__day1_2018-04-25T19:22,0.0
cat__sunset__day1_2018-03-11T18:07,0.0
cat__sunset__day1_2018-04-17T19:11,0.0
cat__sunset__day1_2018-04-14T19:04,0.0
cat__sunset__day1_2018-03-17T18:19,0.0
cat__sunset__day1_2018-04-14T19:03,0.0
cat__sunset__day1_2018-04-11T18:59,0.0
cat__sunset__day1_2018-05-19T19:56,0.0
cat__sunset__day1_2019-08-15T19:33,0.0
cat__sunset__day1_2019-09-07T18:47,0.0
cat__sunset__day1_2019-07-12T20:24,0.0
cat__sunset__day1_2019-07-10T20:25,0.0
cat__sunset__day1_2019-07-02T20:29,0.0
cat__sunset__day1_2019-06-26T20:29,0.0
cat__sunset__day1_2019-06-22T20:30,0.0
cat__sunset__day1_2019-06-13T20:28,0.0
cat__sunset__day1_2019-05-29T20:15,0.0
cat__sunset__day1_2019-09-16T18:24,0.0
cat__sunset__day1_2019-05-21T20:03,0.0
cat__sunset__day1_2019-05-20T20:00,0.0
cat__sunset__day1_2019-05-19T20:00,0.0
cat__sunset__day1_2019-04-24T19:23,0.0
cat__sunset__day1_2018-02-15T17:26,0.0
cat__sunset__day1_2019-04-08T18:51,0.0
cat__sunset__day1_2019-04-02T18:40,0.0
cat__sunset__day1_2019-03-16T18:15,0.0
cat__sunset__day1_2019-01-23T16:43,0.0
cat__sunset__day1_2019-01-13T16:27,0.0
cat__sunset__day1_2019-01-06T16:18,0.0
cat__sunset__day1_2018-12-23T16:05,0.0
cat__sunset__day1_2018-12-18T16:03,0.0
cat__sunset__day1_2018-12-07T15:59,0.0
cat__sunset__day1_2018-11-26T16:09,0.0
cat__sunset__day1_2018-11-17T16:19,0.0
cat__sunset__day1_2018-10-28T16:51,0.0
cat__sunset__day1_2018-10-27T16:55,0.0
cat__sunset__day1_2018-10-03T17:43,0.0
cat__sunset__day1_2018-09-28T17:58,0.0
cat__sunset__day1_2019-04-21T19:15,0.0
cat__sunset__day1_2017-05-28T20:14,0.0
cat__sunset__day1_2017-05-12T19:46,0.0
cat__sunset__day1_2017-04-16T19:08,0.0
cat__sunset__day1_2017-04-02T18:45,0.0
cat__sunset__day1_2017-02-26T17:45,0.0
cat__sunset__day1_2017-02-18T17:31,0.0
cat__sunset__day1_2017-01-26T16:50,0.0
cat__sunset__day1_2017-01-23T16:44,0.0
cat__sunset__day1_2017-01-18T16:41,0.0
cat__sunset__day1_2017-01-06T16:20,0.0
cat__sunset__day1_2016-12-30T16:11,0.0
cat__sunset__day1_2016-12-25T16:06,0.0
cat__sunset__day1_2016-12-25T16:00,0.0
cat__sunset__day1_2019-09-20T18:15,0.0
cat__sunset__day1_2016-12-17T16:02,0.0
cat__sunset__day1_2016-12-09T16:02,0.0
cat__sunset__day1_2016-12-01T16:05,0.0
cat__sunset__day1_2016-11-06T16:34,0.0
cat__sunset__day1_2016-10-08T17:32,0.0
cat__sunset__day1_2016-10-07T17:34,0.0
cat__sunset__day1_2016-09-26T17:59,0.0
cat__sunset__day1_2016-09-21T18:11,0.0
cat__sunset__day1_2016-09-19T18:15,0.0
cat__sunset__day1_2016-09-09T18:39,0.0
cat__sunset__day1_2016-08-07T19:47,0.0
cat__sunset__day1_2016-07-30T20:00,0.0
cat__sunset__day1_2016-07-28T20:03,0.0
cat__sunset__day1_2016-06-04T20:20,0.0
cat__sunset__day1_2016-12-20T16:05,0.0
cat__sunset__day1_2018-02-10T17:16,0.0
cat__sunset__day1_2018-02-07T17:11,0.0
cat__sunset__day1_2018-02-04T17:05,0.0
cat__sunset__day1_2018-01-23T16:43,0.0
cat__sunset__day1_2018-01-13T16:28,0.0
cat__sunset__day1_2018-01-04T16:18,0.0
cat__sunset__day1_2018-01-04T16:16,0.0
cat__sunset__day1_2017-12-24T16:06,0.0
cat__sunset__day1_2017-12-18T16:09,0.0
cat__sunset__day1_2017-10-30T16:51,0.0
cat__sunset__day1_2017-10-29T16:46,0.0
cat__sunset__day1_2017-10-15T17:17,0.0
cat__sunset__day1_2017-10-13T17:25,0.0
cat__sunset__day1_2017-05-31T20:16,0.0
cat__sunset__day1_2017-09-14T18:30,0.0
cat__sunset__day1_2017-09-13T18:30,0.0
cat__sunset__day1_2017-09-12T18:32,0.0
cat__sunset__day1_2017-09-12T18:31,0.0
cat__sunset__day1_2017-09-04T18:54,0.0
cat__sunset__day1_2017-08-22T19:18,0.0
cat__sunset__day1_2017-08-18T19:31,0.0
cat__sunset__day1_2017-08-17T19:29,0.0
cat__sunset__day1_2017-08-04T19:53,0.0
cat__sunset__day1_2017-07-26T20:07,0.0
cat__sunset__day1_2017-07-17T20:18,0.0
cat__sunset__day1_2017-06-13T20:28,0.0
cat__sunset__day1_2017-06-13T20:27,0.0
cat__sunset__day1_2017-06-02T20:13,0.0
cat__sunset__day1_2017-09-30T17:51,0.0
cat__sunset__day1_2022-05-06T19:40,0.0
cat__sunset__day1_2022-04-18T19:11,0.0
cat__sunset__day1_2022-04-05T18:49,0.0
cat__sunset__day1_2022-03-20T18:23,0.0
cat__sunset__day1_2022-03-09T18:04,0.0
cat__sunset__day1_2022-02-12T17:19,0.0
cat__sunset__day1_2022-01-28T16:52,0.0
cat__sunset__day1_2022-01-03T16:17,0.0
cat__sunset__day1_2022-01-03T16:15,0.0
cat__sunset__day1_2022-01-02T16:13,0.0
cat__sunset__day1_2021-12-30T16:11,0.0
cat__sunset__day1_2021-12-26T16:05,0.0
cat__sunset__day1_2021-12-12T16:05,0.0
cat__sunset__day1_2016-07-21T20:16,0.0
cat__sunset__day1_2021-11-14T16:21,0.0
cat__sunset__day1_2021-11-13T16:26,0.0
cat__sunset__day1_2021-11-12T16:26,0.0
cat__sunset__day1_2021-10-16T17:15,0.0
cat__sunset__day1_2021-10-12T17:24,0.0
cat__sunset__day1_2021-10-05T17:41,0.0
cat__sunset__day1_2021-10-01T17:48,0.0
cat__sunset__day1_2021-09-28T17:55,0.0
cat__sunset__day1_2021-09-16T18:23,0.0
cat__sunset__day1_2021-09-01T18:57,0.0
cat__sunset__day1_2021-08-26T19:12,0.0
cat__sunset__day1_2021-08-06T19:49,0.0
cat__sunset__day1_2021-08-05T19:51,0.0
cat__sunset__day1_2021-07-25T20:09,0.0
cat__sunset__day1_2021-11-20T16:15,0.0
cat__sunset__day1_2023-07-28T20:07,0.0
cat__sunset__day1_2023-07-14T20:22,0.0
cat__sunset__day1_2023-07-13T20:23,0.0
cat__sunset__day1_2023-06-11T20:24,0.0
cat__sunset__day1_2023-06-09T20:30,0.0
cat__sunset__day1_2023-05-18T19:58,0.0
cat__sunset__day1_2023-04-11T18:59,0.0
cat__sunset__day1_2023-04-03T18:46,0.0
cat__sunset__day1_2023-03-13T18:10,0.0
cat__sunset__day1_2023-03-10T18:02,0.0
cat__sunset__day1_2023-03-06T17:58,0.0
cat__sunset__day1_2023-01-23T16:43,0.0
cat__sunset__day1_2023-01-18T16:36,0.0
cat__sunset__day1_2022-05-09T19:45,0.0
cat__sunset__day1_2022-11-07T16:34,0.0
cat__sunset__day1_2022-11-03T16:41,0.0
cat__sunset__day1_2022-10-29T16:50,0.0
cat__sunset__day1_2022-10-18T17:13,0.0
cat__sunset__day1_2022-09-30T17:51,0.0
cat__sunset__day1_2022-09-24T18:05,0.0
cat__sunset__day1_2022-09-23T18:10,0.0
cat__sunset__day1_2022-09-11T18:38,0.0
cat__sunset__day1_2022-08-25T19:12,0.0
cat__sunset__day1_2022-08-21T19:21,0.0
cat__sunset__day1_2022-07-20T20:14,0.0
cat__sunset__day1_2022-07-11T20:24,0.0
cat__sunset__day1_2022-06-28T20:32,0.0
cat__sunset__day1_2022-06-09T20:27,0.0
cat__sunset__day1_2023-08-20T19:23,0.0
cat__sunset__day1_2020-07-23T20:18,0.0
cat__sunset__day1_2020-07-15T20:24,0.0
cat__sunset__day1_2020-07-13T20:21,0.0
cat__sunset__day1_2020-07-13T20:17,0.0
cat__sunset__day1_2020-07-06T20:27,0.0
cat__sunset__day1_2020-07-03T20:30,0.0
cat__sunset__day1_2020-06-21T20:30,0.0
cat__sunset__day1_2020-06-16T20:22,0.0
cat__sunset__day1_2020-06-14T20:28,0.0
cat__sunset__day1_2020-06-07T20:27,0.0
cat__sunset__day1_2020-06-02T20:18,0.0
cat__sunset__day1_2020-05-15T19:55,0.0
cat__sunset__day1_2020-04-23T19:20,0.0
cat__sunset__day1_2021-07-17T20:15,0.0
cat__sunset__day1_2020-04-01T18:44,0.0
cat__sunset__day1_2020-03-24T18:31,0.0
cat__sunset__day1_2020-02-12T17:19,0.0
cat__sunset__day1_2020-01-21T16:42,0.0
cat__sunset__day1_2020-01-02T16:13,0.0
cat__sunset__day1_2019-12-31T16:11,0.0
cat__sunset__day1_2019-12-03T16:04,0.0
cat__sunset__day1_2019-11-24T16:11,0.0
cat__sunset__day1_2019-11-23T16:13,0.0
cat__sunset__day1_2019-11-07T16:38,0.0
cat__sunset__day1_2019-11-05T16:38,0.0
cat__sunset__day1_2019-10-30T16:48,0.0
cat__sunset__day1_2019-10-12T17:25,0.0
cat__sunset__day1_2019-10-08T17:34,0.0
cat__sunset__day1_2020-04-20T19:15,0.0
cat__sunset__day1_2021-07-12T20:23,0.0
cat__sunset__day1_2021-07-08T20:26,0.0
cat__sunset__day1_2021-07-04T20:29,0.0
cat__sunset__day1_2021-06-26T20:31,0.0
cat__sunset__day1_2021-06-21T20:29,0.0
cat__sunset__day1_2021-06-11T20:26,0.0
cat__sunset__day1_2021-06-06T20:22,0.0
cat__sunset__day1_2021-05-24T20:07,0.0
cat__sunset__day1_2021-05-17T20:05,0.0
cat__sunset__day1_2021-05-15T20:10,0.0
cat__sunset__day1_2021-04-03T18:52,0.0
cat__sunset__day1_2021-03-30T18:43,0.0
cat__sunset__day1_2021-02-17T17:30,0.0
cat__sunset__day1_2021-01-06T16:18,0.0
cat__sunset__day1_2020-07-26T20:07,0.0
cat__sunset__day1_2020-12-26T16:07,0.0
cat__sunset__day1_2020-11-27T16:09,0.0
cat__sunset__day1_2020-11-17T16:22,0.0
cat__sunset__day1_2020-11-06T16:36,0.0
cat__sunset__day1_2020-10-25T16:56,0.0
cat__sunset__day1_2020-10-24T16:58,0.0
cat__sunset__day1_2020-09-27T17:57,0.0
cat__sunset__day1_2020-09-26T17:59,0.0
cat__sunset__day1_2020-09-25T18:01,0.0
cat__sunset__day1_2020-09-14T18:29,0.0
cat__sunset__day1_2020-08-22T19:18,0.0
cat__sunset__day1_2020-08-09T19:43,0.0
cat__sunset__day1_2020-08-04T19:58,0.0
cat__sunset__day1_2020-08-01T19:57,0.0
cat__sunset__day1_2021-01-01T16:13,0.0
cat__sunrise__day1_2018-12-18T08:11,0.0
cat__sunrise__day1_2018-12-07T07:59,0.0
cat__sunrise__day1_2018-11-26T07:45,0.0
cat__sunrise__day1_2018-11-17T07:31,0.0
cat__sunrise__day1_2018-10-28T06:56,0.0
cat__sunrise__day1_2018-10-27T06:52,0.0
cat__sunrise__day1_2018-10-03T06:12,0.0
cat__sunrise__day1_2018-09-28T06:09,0.0
cat__sunrise__day1_2018-09-24T05:59,0.0
cat__sunrise__day1_2018-09-06T05:31,0.0
cat__sunrise__day1_2018-08-18T05:04,0.0
cat__sunrise__day1_2018-08-08T04:48,0.0
cat__sunrise__day1_2018-07-29T04:30,0.0
cat__sunset__day1_2023-08-12T19:39,0.0
cat__sunrise__day1_2018-06-11T03:54,0.0
cat__sunrise__day1_2018-05-19T04:13,0.0
cat__sunrise__day1_2018-04-25T04:54,0.0
cat__sunrise__day1_2018-04-17T05:12,0.0
cat__sunrise__day1_2018-04-14T05:17,0.0
cat__sunrise__day1_2018-04-14T05:14,0.0
cat__sunrise__day1_2018-04-11T05:23,0.0
cat__sunrise__day1_2018-03-17T06:21,0.0
cat__sunrise__day1_2018-03-11T06:33,0.0
cat__sunrise__day1_2018-03-08T06:40,0.0
cat__sunrise__day1_2018-02-28T06:58,0.0
cat__sunrise__day1_2018-02-25T07:03,0.0
cat__sunrise__day1_2018-02-15T07:26,0.0
cat__sunrise__day1_2018-02-10T07:33,0.0
cat__sunrise__day1_2018-07-22T04:20,0.0
cat__sunrise__day1_2019-11-23T07:40,0.0
cat__sunrise__day1_2019-11-07T07:17,0.0
cat__sunrise__day1_2019-11-05T07:10,0.0
cat__sunrise__day1_2019-10-30T06:59,0.0
cat__sunrise__day1_2019-10-12T06:28,0.0
cat__sunrise__day1_2019-10-08T06:22,0.0
cat__sunrise__day1_2019-10-03T06:14,0.0
cat__sunrise__day1_2019-09-20T05:53,0.0
cat__sunrise__day1_2019-09-16T05:46,0.0
cat__sunrise__day1_2019-09-07T05:34,0.0
cat__sunrise__day1_2019-08-15T04:56,0.0
cat__sunrise__day1_2019-07-12T04:08,0.0
cat__sunrise__day1_2019-07-10T04:06,0.0
cat__sunrise__day1_2019-07-02T03:59,0.0
cat__sunrise__day1_2018-12-23T08:13,0.0
cat__sunrise__day1_2019-06-22T03:54,0.0
cat__sunrise__day1_2019-06-13T03:55,0.0
cat__sunrise__day1_2019-05-29T04:03,0.0
cat__sunrise__day1_2019-05-21T04:11,0.0
cat__sunrise__day1_2019-05-20T04:11,0.0
cat__sunrise__day1_2019-05-19T04:13,0.0
cat__sunrise__day1_2019-04-24T04:58,0.0
cat__sunrise__day1_2019-04-21T05:02,0.0
cat__sunrise__day1_2019-04-08T05:27,0.0
cat__sunrise__day1_2019-04-02T05:40,0.0
cat__sunrise__day1_2019-03-16T06:22,0.0
cat__sunrise__day1_2019-01-23T08:00,0.0
cat__sunrise__day1_2019-01-13T08:10,0.0
cat__sunrise__day1_2019-01-06T08:14,0.0
cat__sunrise__day1_2019-06-26T03:51,0.0
cat__sunrise__day1_2017-04-02T05:43,0.0
cat__sunrise__day1_2017-02-26T07:01,0.0
cat__sunrise__day1_2017-02-18T07:17,0.0
cat__sunrise__day1_2017-01-26T07:55,0.0
cat__sunrise__day1_2017-01-23T08:00,0.0
cat__sunrise__day1_2017-01-18T08:07,0.0
cat__sunrise__day1_2017-01-06T08:16,0.0
cat__sunrise__day1_2016-12-30T08:15,0.0
cat__sunrise__day1_2016-12-20T08:15,0.0
cat__sunrise__day1_2016-12-17T08:10,0.0
cat__sunrise__day1_2016-12-09T08:03,0.0
cat__sunrise__day1_2016-12-01T07:53,0.0
cat__sunrise__day1_2016-11-06T07:13,0.0
cat__sunrise__day1_2018-02-07T07:39,0.0
cat__sunrise__day1_2016-10-07T06:21,0.0
cat__sunrise__day1_2016-09-26T06:03,0.0
cat__sunrise__day1_2016-09-21T05:55,0.0
cat__sunrise__day1_2016-09-19T05:52,0.0
cat__sunrise__day1_2016-09-09T05:38,0.0
cat__sunrise__day1_2016-08-07T04:44,0.0
cat__sunrise__day1_2016-07-30T04:34,0.0
cat__sunrise__day1_2016-07-28T04:31,0.0
cat__sunrise__day1_2016-07-21T04:18,0.0
cat__sunrise__day1_2016-06-04T03:57,0.0
cat__sunrise__day1_2016-05-28T04:03,0.0
cat__sunrise__day1_2016-03-14T06:28,0.0
cat__sunset__day1_2022-12-04T16:04,0.0
cat__sunset__day1_2022-05-20T20:02,0.0
cat__sunrise__day1_2016-10-08T06:23,0.0
cat__sunrise__day1_2018-02-04T07:43,0.0
cat__sunrise__day1_2018-01-23T08:02,0.0
cat__sunrise__day1_2018-01-13T08:10,0.0
cat__sunrise__day1_2018-01-04T08:19,0.0
cat__sunrise__day1_2018-01-04T08:14,0.0
cat__sunrise__day1_2017-12-24T08:10,0.0
cat__sunrise__day1_2017-12-18T08:06,0.0
cat__sunrise__day1_2017-10-30T06:58,0.0
cat__sunrise__day1_2017-10-29T06:55,0.0
cat__sunrise__day1_2017-10-15T06:34,0.0
cat__sunrise__day1_2017-10-13T06:35,0.0
cat__sunrise__day1_2017-09-30T06:10,0.0
cat__sunrise__day1_2017-09-14T05:46,0.0
cat__sunrise__day1_2017-09-13T05:42,0.0
cat__sunrise__day1_2017-04-16T05:12,0.0
cat__sunrise__day1_2017-09-12T05:40,0.0
cat__sunrise__day1_2017-09-04T05:33,0.0
cat__sunrise__day1_2017-08-22T05:08,0.0
cat__sunrise__day1_2017-08-18T05:04,0.0
cat__sunrise__day1_2017-08-17T05:00,0.0
cat__sunrise__day1_2017-08-04T04:39,0.0
cat__sunrise__day1_2017-07-26T04:26,0.0
cat__sunrise__day1_2017-07-17T04:15,0.0
cat__sunrise__day1_2017-06-13T03:55,0.0
cat__sunrise__day1_2017-06-13T03:53,0.0
cat__sunrise__day1_2017-06-02T03:55,0.0
cat__sunrise__day1_2017-05-31T04:00,0.0
cat__sunrise__day1_2017-05-28T04:01,0.0
cat__sunrise__day1_2017-05-12T04:23,0.0
cat__sunrise__day1_2017-09-12T05:41,0.0
cat__sunrise__day1_2022-07-20T04:17,0.0
cat__sunrise__day1_2022-07-11T04:07,0.0
cat__sunrise__day1_2022-06-28T04:00,0.0
cat__sunrise__day1_2022-06-09T03:56,0.0
cat__sunrise__day1_2022-05-20T04:12,0.0
cat__sunrise__day1_2022-05-09T04:28,0.0
cat__sunrise__day1_2022-05-06T04:33,0.0
cat__sunrise__day1_2022-04-18T05:08,0.0
cat__sunrise__day1_2022-04-05T05:36,0.0
cat__sunrise__day1_2022-03-20T06:13,0.0
cat__sunrise__day1_2022-03-09T06:37,0.0
cat__sunrise__day1_2022-02-12T07:29,0.0
cat__sunrise__day1_2022-01-28T07:54,0.0
cat__sunrise__day1_2019-11-24T07:42,0.0
cat__sunrise__day1_2022-01-03T08:13,0.0
cat__sunrise__day1_2022-01-02T08:15,0.0
cat__sunrise__day1_2021-12-30T08:15,0.0
cat__sunrise__day1_2021-12-26T08:14,0.0
cat__sunrise__day1_2021-12-12T08:07,0.0
cat__sunrise__day1_2021-11-20T07:34,0.0
cat__sunrise__day1_2021-11-14T07:24,0.0
cat__sunrise__day1_2021-11-13T07:26,0.0
cat__sunrise__day1_2021-11-12T07:23,0.0
cat__sunrise__day1_2021-10-16T06:36,0.0
cat__sunrise__day1_2021-10-12T06:29,0.0
cat__sunrise__day1_2021-10-05T06:20,0.0
cat__sunrise__day1_2021-10-01T06:11,0.0
cat__sunrise__day1_2021-09-28T06:06,0.0
cat__sunrise__day1_2022-01-03T08:16,0.0
cat__sunset__day1_2016-05-28T20:15,0.0
cat__sunset__day1_2016-03-14T18:16,0.0
cat__sunrise__day1_2023-08-20T05:04,0.0
cat__sunrise__day1_2023-08-12T04:51,0.0
cat__sunrise__day1_2023-07-28T04:30,0.0
cat__sunrise__day1_2023-07-14T04:10,0.0
cat__sunrise__day1_2023-07-13T04:09,0.0
cat__sunrise__day1_2023-06-11T03:53,0.0
cat__sunrise__day1_2023-06-09T03:53,0.0
cat__sunrise__day1_2023-05-18T04:15,0.0
cat__sunrise__day1_2023-04-11T05:24,0.0
cat__sunrise__day1_2023-04-03T05:41,0.0
cat__sunrise__day1_2023-03-13T06:29,0.0
cat__sunrise__day1_2023-03-10T06:33,0.0
cat__sunrise__day1_2022-08-21T05:06,0.0
cat__sunrise__day1_2023-01-23T08:00,0.0
cat__sunrise__day1_2023-01-18T08:08,0.0
cat__sunrise__day1_2022-12-04T07:57,0.0
cat__sunrise__day1_2022-11-22T07:44,0.0
cat__sunrise__day1_2022-11-22T07:39,0.0
cat__sunrise__day1_2022-11-07T07:14,0.0
cat__sunrise__day1_2022-11-03T07:07,0.0
cat__sunrise__day1_2022-10-29T06:58,0.0
cat__sunrise__day1_2022-10-18T06:41,0.0
cat__sunrise__day1_2022-09-30T06:09,0.0
cat__sunrise__day1_2022-09-24T06:00,0.0
cat__sunrise__day1_2022-09-23T06:01,0.0
cat__sunrise__day1_2022-09-11T05:43,0.0
cat__sunrise__day1_2022-08-25T05:12,0.0
cat__sunrise__day1_2023-03-06T06:45,0.0
cat__sunrise__day1_2020-09-26T06:04,0.0
cat__sunrise__day1_2020-09-25T06:02,0.0
cat__sunrise__day1_2020-09-14T05:48,0.0
cat__sunrise__day1_2020-08-22T05:08,0.0
cat__sunrise__day1_2020-08-09T04:48,0.0
cat__sunrise__day1_2020-08-04T04:41,0.0
cat__sunrise__day1_2020-08-01T04:35,0.0
cat__sunrise__day1_2020-07-26T04:27,0.0
cat__sunrise__day1_2020-07-23T04:25,0.0
cat__sunrise__day1_2020-07-15T04:11,0.0
cat__sunrise__day1_2020-07-13T04:11,0.0
cat__sunrise__day1_2020-07-13T04:10,0.0
cat__sunrise__day1_2020-07-06T04:03,0.0
cat__sunrise__day1_2020-07-03T04:01,0.0
cat__sunrise__day1_2021-09-16T05:47,0.0
cat__sunrise__day1_2020-06-16T03:52,0.0
cat__sunrise__day1_2020-06-14T03:53,0.0
cat__sunrise__day1_2020-06-07T03:56,0.0
cat__sunrise__day1_2020-06-02T03:58,0.0
cat__sunrise__day1_2020-05-15T04:18,0.0
cat__sunrise__day1_2020-04-23T04:57,0.0
cat__sunrise__day1_2020-04-20T05:03,0.0
cat__sunrise__day1_2020-04-01T05:45,0.0
cat__sunrise__day1_2020-03-24T06:04,0.0
cat__sunrise__day1_2020-02-12T07:30,0.0
cat__sunrise__day1_2020-01-21T08:04,0.0
cat__sunrise__day1_2020-01-02T08:15,0.0
cat__sunrise__day1_2019-12-31T08:15,0.0
cat__sunrise__day1_2019-12-03T07:55,0.0
cat__sunrise__day1_2020-06-21T03:56,0.0
cat__sunrise__day1_2021-09-01T05:27,0.0
cat__sunrise__day1_2021-08-26T05:16,0.0
cat__sunrise__day1_2021-08-06T04:43,0.0
cat__sunrise__day1_2021-08-05T04:42,0.0
cat__sunrise__day1_2021-07-25T04:25,0.0
cat__sunrise__day1_2021-07-17T04:09,0.0
cat__sunrise__day1_2021-07-12T04:08,0.0
cat__sunrise__day1_2021-07-08T04:04,0.0
cat__sunrise__day1_2021-07-04T04:01,0.0
cat__sunrise__day1_2021-06-26T03:55,0.0
cat__sunrise__day1_2021-06-21T03:51,0.0
cat__sunrise__day1_2021-06-11T03:54,0.0
cat__sunrise__day1_2021-06-06T03:56,0.0
cat__sunrise__day1_2021-05-24T04:07,0.0
cat__sunrise__day1_2020-09-27T06:05,0.0
cat__sunrise__day1_2021-05-15T04:25,0.0
cat__sunrise__day1_2021-04-03T05:44,0.0
cat__sunrise__day1_2021-03-30T05:52,0.0
cat__sunrise__day1_2021-02-17T07:22,0.0
cat__sunrise__day1_2021-01-20T08:13,0.0
cat__sunrise__day1_2021-01-20T08:03,0.0
cat__sunrise__day1_2021-01-06T08:14,0.0
cat__sunrise__day1_2021-01-01T08:15,0.0
cat__sunrise__day1_2020-12-26T08:15,0.0
cat__sunrise__day1_2020-11-27T07:49,0.0
cat__sunrise__day1_2020-11-17T07:35,0.0
cat__sunrise__day1_2020-11-06T07:18,0.0
cat__sunrise__day1_2020-10-25T06:52,0.0
cat__sunrise__day1_2020-10-24T06:50,0.0
cat__sunrise__day1_2021-05-17T04:21,0.0
